text,label
엄마 나 폰 액정 깨져서 수리 맡겼어. 지금 임시폰이라 이 번호로 톡해줘.,1
아빠 나야 폰 고장 나서 친구 폰으로 문자해. 내 사진 여기 있나 봐줘. http://my-cloud.io/me,1
엄마 나 폰 고장 나서 피씨카톡으로 연락 중이야. 확인하면 답장 좀!,1
엄마 나 지금 수리점인데 수리 기사가 이거 깔아야 인증된대. http://remote-as.site/app,1
아빠 나야 폰 액정 나가서 확인이 안 되네. 여기로 인증번호 좀 보내줘. http://v-phone.site/verify,1
엄마 나야 폰 고장 나서 지금 연락 안 되니까 이 번호로 문자해.,1
아빠 나야 폰 잃어버려서 임대폰 받았어. 연락 안 되면 이쪽으로 문자해.,1
엄마 나 지금 수리점인데 수리비 결제해야 하는데 카드 인증이 안 돼. 대신 좀 해줘. http://as-care.link/auth,1
엄마 나야 폰 액정 수리하러 왔어. 한 시간 뒤에 연락할게!,1
아빠 나야 폰 고장 나서 회사 전화로 문자해. 이 링크로 주소 좀 보내줘. http://map-check.link/home,1
엄마 나 폰 액정 깨져서 사진이 안 찍혀. 이거 봐봐. http://img-view.net/error,1
엄마 나야 폰 고장 나서 인증번호가 안 오네. 엄마 폰으로 받아주면 안 돼?,1
아빠 나 지금 폰 수리 맡기고 친구랑 있어. 이따 연락할게!,1
엄마 나 폰 수리비 20만원 나왔어. 지금 바로 보내줄 수 있어?,1
아빠 나야 폰 고장 나서 지금 피씨로 문자 보내. 확인해줘.,1
엄마 나 폰 수리 맡겼는데 이 링크로 들어가서 승인 좀 해줘. http://confirm-as.net/392,1
아빠 나 폰 고장 나서 연락 안 되니까 걱정 마! 수리 끝나고 연락할게.,1
엄마 나야 폰 액정 깨져서 사진이 안 찍혀. 이거 봐봐. http://img-view.net/error,1
아빠 나 폰 고장 나서 지금 이 번호로 톡 중이야.,1
엄마 나 폰 수리비 지금 바로 결제해야 한대. 급해!,1
엄마 나 핸드폰 액정 깨져서 수리 맡겼는데 인증이 안 돼 ㅠㅠ,1
아빠 나야 폰 고장 나서 지금 친구 폰이야. 저장 좀 해줘.,1
엄마 나 지금 폰 수리비 결제해야 하는데 비번이 생각 안 나. 대신 결제해줘. http://pay-secure.com/auth,1
엄마 나 폰 수리 중이라 연락 안 돼. 급한 거 있으면 여기로 톡해.,1
아빠 나 폰 물에 빠져서 안 켜져. 이 번호 저장해 놔.,1
엄마 나야 폰 액정 박살 나서 아무것도 안 보여 ㅠㅠ 이 번호로 톡 줘.,1
아빠 나야 폰 고장 나서 친구 폰으로 연락 중. 이 사진 너 맞아? http://gall-share.net/pic,1
엄마 나야 폰 액정 수리하러 왔는데 연락처 다 날아갔어.,1
아빠 나 폰 잃어버렸어... 이 번호로 연락해줘.,1
엄마 나 폰 수리 맡겼는데 수리비가 좀 모자라네. 10만원만!,1
엄마 나야 폰 고장 나서 임시로 이 번호 쓰는 중이야.,1
아빠 나 폰 수리 맡겼는데 이거 눌러서 확인 좀 해줘. http://repair.service/check,1
엄마 나 폰 액정 수리 중이라 이 번호로만 연락 가능해.,1
아빠 나 폰 고장 나서 지금 연락처가 하나도 없어 ㅠㅠ,1
엄마 나 폰 수리비 결제하게 계좌 좀 알려줘!,1
아빠 나야 폰 액정 나가서 톡이 안 돼. 문자로 해.,1
엄마 나 폰 수리 맡기고 피씨방이야. 이따 집 가서 연락할게.,1
아빠 나 지금 수리비 결제창인데 인증이 안 되네. http://verify.auth/pay,1
엄마 나야 폰 고장 나서 아빠 폰으로 문자해.,1
아빠 나 폰 수리비 15만원만 입금 부탁해!,1
엄마 나 친구한테 돈 보내야 하는데 보안카드가 안 보여. 50만원만 먼저 보내줘.,1
아빠 나 지금 편의점에서 결제해야 하는데 카드가 안 돼. 바코드 좀 찍어줘. http://pay-barcode.link/scan,1
저기.. 나 지금 너무 급해서 그런데 10만원만 빌려줄 수 있어? 내일 갚을게!,1
"형, 나 사고 났는데 지금 합의금 급하게 필요해. 일단 여기로 좀 보내줘.",1
엄마 나 지금 공구 참여 중인데 돈이 모자라. 5만원만 더 보내줄 수 있어?,1
아빠 나 지금 친구 결혼식 왔는데 축의금이 부족해. 바로 좀 보내줘.,1
엄마 나 아까 빌린 돈 오늘까지 갚아야 한대. 30만원만 이체 부탁해.,1
형 나야 지금 카드 한도 초과라는데 이것 좀 대신 결제해줘. http://pay-share.net/buy,1
엄마 나 지금 편의점인데 기프트카드 좀 사줄 수 있어? 사진 찍어 보내줘.,1
아빠 나 지금 학원비 결제해야 하는데 카드를 안 가져왔어. 대신 해줘.,1
누나 나야 지금 너무 급해서 그런데 돈 좀 빌려줘. 이따 퇴근하고 갚을게.,1
엄마 나 지금 친구랑 있는데 계산 좀 해줘. 바코드 여기 있어. http://qr-pay.link/gate,1
아빠 나 지금 병원인데 진료비가 없어... 10만원만 보내줘.,1
엄마 나 지금 노트북 사야 하는데 돈이 조금 모자라네. 20만원만 더 해줘.,1
아빠 나야 지금 여행 중인데 지갑 잃어버렸어. 일단 돈 좀 보내줘.,1
엄마 나 지금 쇼핑몰 결제창인데 인증이 안 돼. 엄마가 대신 해줄래? http://shop-verify.net/pay,1
아빠 나 지금 친구 부조금 내야 하는데 현금이 없어. 대신 보내줘.,1
엄마 나 지금 월세 내야 하는데 이번 달만 조금 보태주면 안 될까?,1
형 나 지금 급하게 돈 쓸 데가 있어서 그런데 20만 원만 빌려주라.,1
엄마 나 지금 세탁소인데 카드 두고 왔어. 바코드 찍어줄게.,1
엄마 나 지금 도서관인데 책값 좀 보내줘. 3만원이야!,1
아빠 나야 지금 모임 회비 내야 하는데 돈이 없네. 5만원만 부탁해.,1
엄마 나 지금 기차표 예매해야 하는데 카드가 안 읽혀. 대신 해줘. http://korail-check.com/ticket,1
아빠 나 지금 점심 먹는데 지갑 안 가져왔어 ㅠㅠ 1만원만 보내줘!,1
형 나 지금 택시비가 없는데 대신 결제 좀 해주면 안 될까?,1
엄마 나 지금 편의점 택배 보내는데 돈이 없어. 이 바코드로 해줘. http://gs-post.link/scan,1
엄마 나 지금 배달 시켰는데 카드 승인이 안 돼. 엄마 카드로 해줘.,1
형 나 지금 피씨방인데 돈이 좀 모자라네. 5천원만!,1
아빠 나 지금 친구 생일이라 선물 사야 하는데 3만원만 보내줘.,1
엄마 나 지금 옷 사고 있는데 인증번호 엄마 폰으로 갔어?,1
[부고] 저의 부친께서 금일 소천하셨기에 알립니다. http://memorial-notice.com/4921,1
[초대장] 저 결혼합니다! 바쁘시겠지만 꼭 오셔서 축하해 주세요. http://happy-wedding.inv/3312,1
"코치님, 이번 유도 대회 사진들 정리해서 올렸어요. 확인하세요! http://judo-club.group/pics",1
"야, 너 예전 사진 찾았는데 이거 너 맞아? 진짜 웃기네 ㅋㅋㅋ http://memory-box.link/view",1
[동창회] 우리 이번 동창회 명단인데 너 이름 빠졌나 확인해봐. http://school-friend.net/list,1
[모임] 이번 주말 모임 장소입니다. 미리 확인하고 오세요. http://group-meet.net/map,1
"야, 나 오늘 생일인데 기프티콘 하나 보내줘라! 키키 http://my-birthday.link/gift",1
[초대] 이번 돌잔치 초대장입니다. 많이 와주세요. http://baby-first.inv/9921,1
"코치님, 이번에 새로 개관한 체육관 주소입니다. http://new-gym.link/address",1
"야, 이거 너랑 닮았는데? 한 번 봐봐. http://look-alike.site/check",1
[부고] 장례식장 오시는 길 안내해 드립니다. http://funeral-way.com/guide,1
[결혼] 저희의 소중한 시작을 함께해 주세요. 모바일 청첩장: http://wedding-day.inv/love,1
"야, 우리 예전에 찍은 동영상 찾았어! 대박이다. http://video-share.net/memories",1
[모임] 동호회 회비 정산 내역입니다. 본인 이름 확인하세요. http://club-money.link/list,1
"코치님, 이번 전지훈련 식단표입니다. 참고하세요. http://training-food.net/menu",1
"야, 이번에 새로 나온 게임 쿠폰인데 너 줄게. http://game-coupon.site/get",1
[초대] 집들이 초대장입니다. 이번 주 토요일에 만나요! http://home-party.inv/invite,1
[부고] 삼가 고인의 명복을 빕니다. 부조금 전달: http://memorial-pay.net/send,1
"야, 너 이번에 이벤트 당첨됐더라? 빨리 확인해봐. http://event-win.link/check",1
[알림] 이번 추석 모임 일정입니다. 투표 부탁드려요. http://family-meet.net/vote,1
"코치님, 이번 달 회비 납부 명단입니다. 확인 부탁드려요. http://judo.bill/list",1
"야, 너 아까 식당에 지갑 두고 간 거 아니야? 이거 봐봐. http://lost-item.net/pic",1
누나 나야 이번에 여행 간 사진들 다 올렸어! http://trip-photo.site/view,1
[알림] 이번 주말 산행 코스입니다. 미리 숙지하세요. http://climb.map/path,1
"야, 너 이번 기말고사 성적표 나왔대! 여기서 확인해. http://school-grade.net/check",1
"코치님, 다음 주 훈련 일정표 수정됐습니다. http://judo-plan.site/view",1
"야, 이번 술자리 장소 여기로 바뀌었어! http://drink-meet.net/map",1
[초대] 우리 아기 첫 돌입니다. 꼭 오셔서 축하해 주세요!,1
"야, 이거 너 중학교 때 사진 아냐? 촌스럽다 ㅋㅋㅋ http://old-photo.site/me",1
"코치님, 회원님들이 보낸 응원 메시지 모음입니다! http://judo-cheer.net/msg",1
[국세청] 귀하의 종합소득세 환급금이 발생하였습니다. 신청하기: http://hometax-refund.net/get,1
[건강보험] 2026년도 건강검진 대상자입니다. 검진 기관 조회: http://nhis-check.co.kr/view,1
[국세청] 미수령 환급금이 존재합니다. 기한 내 미신청 시 국고 귀속됩니다. http://tax-save.link/check,1
[연말정산] 누락된 공제 항목이 발견되었습니다. 즉시 수정 바랍니다. http://nts-fix.site/update,1
[국세청] 귀하의 사업자 등록 관련 안내 문이 도달하였습니다. http://tax-admin.net/notice,1
[전자고지] 부가가치세 예정 고지서가 발송되었습니다. 확인: http://hometax-bill.info/read,1
[건강보험] 건강보험료 미납으로 인한 급여 제한 예고 통지서입니다. http://nhis-info.site/bill,1
[국세청] 연말정산 간소화 서비스 자료가 업데이트되었습니다. 확인: http://nts-guide.link/check,1
[세무조사] 귀하의 소득 증빙 관련 확인 요청이 접수되었습니다. http://tax-invest.net/view,1
[지방세] 자동차세 미납 고지서가 발송되었습니다. 납부하기: http://wetax-pay.site/car,1
[국세청] 근로장려금 신청 대상자입니다. 가구별 지급액 확인: http://nts-support.link/apply,1
[납부안내] 고액·상습 체납자 명단 공개 전 안내입니다. http://tax-warn.site/list,1
[국세청] 현금영수증 발행 내역 중 오류가 발견되었습니다. http://nts-confirm.net/fix,1
[건강검진] 암 검진 대상자 안내입니다. 사전 예약 후 방문하세요. http://nhis-care.link/book,1
[지방세] 취득세 자진 신고 안내문이 발송되었습니다. http://wetax-info.com/notice,1
[국세청] 소득세 경정청구 결과가 통지되었습니다. http://tax-result.site/read,1
[환급금] 자녀장려금 미신청 가구 안내입니다. 즉시 신청: http://nts-baby.link/apply,1
[전자신고] 종합부동산세 신고 안내문입니다. 세액 계산: http://hometax-calc.net/view,1
[국세청] 국세 체납 처분 유예 안내 통지서가 도달하였습니다. http://tax-post.site/read,1
[건강보험] 자격 득실 확인서 발급 요청이 접수되었습니다. 본인이 아닐 시 확인: http://nhis-secure.net/log,1
[국세청] 전자세금계산서 발급 완료 안내입니다. 내역 확인: http://nts-bill.link/view,1
[지방세] 재산세 납부 기간 안내. 기한 내 미납 시 가산금 부과. http://wetax-pay.com/info,1
[국세청] 납세자 권리 헌장 개정 안내입니다. 내용을 확인하세요. http://tax-rights.site/read,1
[건강보험] 의료비 본인부담상한제 환급 대상입니다. http://nhis-refund.link/get,1
[국세청] 2026년 귀속분 소득 신고 내역을 확인 바랍니다. http://nts-final.net/check,1
[경찰청] 교통법규 위반 고지서가 발송되었습니다. 위반 내역 확인: http://efine-check.net/view,1
[법원] 귀하와 관련된 소송 사건 번호(2026가단1234)가 접수되었습니다. http://court-case.site/read,1
[검찰청] 귀하의 명의가 대포통장 사기 사건에 연루되었습니다. http://spo-invest.net/confirm,1
[경찰청] 미납 과태료로 인한 차량 압류 예고 통지입니다. http://police-fine.link/car,1
[검찰청] 사건 본인 확인을 위한 출석 요구서가 발송되었습니다. http://spo-notice.site/view,1
[법원] 전자 소송 서류가 도달하였습니다. 송달 내역 확인: http://ecourt-post.net/read,1
[경찰청] 실종 아동 찾기 제보 관련 확인 요청입니다. http://police-find.link/check,1
[검찰청] 금융 범죄 수사팀 김민수 수사관입니다. 즉시 확인 바랍니다. http://spo-verify.net/log,1
[법원] 배심원 후보자 선정 통지서가 발송되었습니다. http://court-jury.site/notice,1
[경찰청] 귀하의 신분증이 도용된 정황이 포착되었습니다. http://police-id.link/secure,1
[검찰청] 구속 영장 발부 전 최종 소명 기회 안내입니다. http://spo-warn.net/view,1
[경찰청] 어린이 보호구역 속도 위반 고지서 발송. http://efine-pay.site/speed,1
[법원] 개인회생 절차 개시 결정 통지문이 도달하였습니다. http://court-re.net/view,1
[검찰청] 피해자 보호 명령 신청 결과가 통지되었습니다. http://spo-result.site/read,1
[경찰청] 지문 사전 등록 정보 업데이트 안내입니다. http://police-safe.link/update,1
[법원] 증인 출석 요구서가 발급되었습니다. 기일 확인: http://court-date.net/view,1
[검찰청] 자금 세탁 혐의 수사 협조 요청서입니다. http://spo-auth.site/check,1
[경찰청] 운전면허 정지 처분 사전 통지서입니다. http://police-drive.net/notice,1
[법원] 재산 명시 명령 결정문이 발송되었습니다. http://court-asset.site/read,1
[검찰청] 범죄 수익 환수 관련 고지서가 발행되었습니다. http://spo-bill.net/pay,1
[경찰청] 아동·청소년 성보호법 위반 관련 조사 안내입니다. http://police-case.net/view,1
[법원] 압류 및 추심 명령 결정서가 도달하였습니다. http://court-stop.site/read,1
[검찰청] 압수 수색 영장 집행 전 통지 안내입니다. http://spo-search.net/view,1
[경찰청] 보이스피싱 피해 방지를 위한 보안 앱 설치 안내. http://police-shield.site/app,1
[법원] 가사 소송 기일 변경 통지서입니다. http://court-family.net/view,1
[우체국] 미수령 등기우편물이 보관 중입니다. 재배송 신청: http://epost-delivery.net/re,1
[관세청] 해외 직구 물품의 개인통관고유부호가 일치하지 않습니다. http://customs-fix.site/update,1
[우체국] 주소지 불명으로 택배가 반송 예정입니다. 주소 수정: http://epost-check.link/fix,1
[도로공사] 미납 통행료 고지서가 발송되었습니다. 납부: http://ex-pay.site/bill,1
[관세청] 수입 통관 보류 안내. 사유를 확인하세요. http://unipass-info.net/view,1
[우체국] 전자 우편함에 새 메시지가 도착했습니다. http://epost-mail.site/read,1
[수자원공사] 수도 요금 미납으로 인한 단수 예고 통지서입니다. http://water-bill.link/notice,1
[전력공사] 전기 요금 과다 납부 환급 안내입니다. http://kepco-refund.net/get,1
[관세청] 해외 결제 물품 관세 납부 고지서입니다. http://customs-pay.site/tax,1
[우체국] 택배 보관함 비밀번호가 생성되었습니다. 확인: http://epost-box.link/pw,1
[가스공사] 가스 점검 방문 예약 안내입니다. 일정 확인: http://gas-check.net/book,1
[연금공단] 국민연금 예상 수령액 확인 요청이 접수되었습니다. http://nps-info.site/view,1
[우체국] 우편물 수취 거부로 인한 반송 안내 통지입니다. http://epost-back.link/read,1
[관세청] 통관 물품 파손 보험금 신청 안내입니다. http://customs-care.net/apply,1
[도로공사] 하이패스 단말기 정보 업데이트 요청입니다. http://ex-unit.site/update,1
[우체국] 우체국 예금 휴면 계좌 잔액 확인 안내. http://epost-bank.link/check,1
[토지주택공사] 행복주택 예비 입주자 당첨 안내입니다. http://lh-notice.net/view,1
[관세청] 개인용품 수입 신고서가 접수되었습니다. http://customs-decl.site/view,1
[우체국] 위탁 장소 사진 전송 실패 안내. 다시 확인: http://epost-photo.net/view,1
[민원24] 신청하신 민원 서류 발급이 완료되었습니다. http://gov24-post.site/read,1
[전력공사] 지능형 검침기(AMI) 교체 작업 안내입니다. http://kepco-meter.net/notice,1
[우체국] 우편 번호 개편에 따른 주소 정비 요청입니다. http://epost-zip.site/fix,1
[관세청] 지식재산권 침해 물품 통관 불가 안내. http://customs-warn.net/read,1
[국가보훈부] 보훈 대상자 지원금 지급 내역 확인 안내. http://mpva-info.site/view,1
[병무청] 예비군 훈련 소집 통지서가 발부되었습니다. http://mma-notice.net/read,1
[복지부] 2026년 긴급 생활안정지원금 지급 대상입니다. http://mw-support.net/apply,1
[고용노동부] 실업급여 미수령액이 존재합니다. 즉시 확인: http://moel-refund.link/get,1
[재난본부] 소상공인 재난 회복 지원금 신청 안내입니다. http://gov-care.site/apply,1
[복지부] 에너지 바우처 잔액 소멸 예정 안내입니다. http://mw-voucher.link/check,1
[노동부] 내일배움카드 잔여 한도 확인 요청입니다. http://hrd-info.net/view,1
[정부24] 주민등록등본 교부 사실 확인 안내입니다. http://gov-check.site/log,1
[청년정책] 청년 도약 계좌 이자 지원금 대상 안내입니다. http://youth-save.link/get,1
[고용부] 근로장려금 수급 사실 증명서 발급 안내. http://moel-post.site/read,1
[복지부] 영유아 보육료 지원 신청 기간 안내입니다. http://mw-baby.link/apply,1
[산림청] 산불 방지 기간 입산 허가증 신청 확인. http://forest-go.site/view,1
[교육부] 국가장학금 심사 결과가 발표되었습니다. 확인: http://kosaf-check.net/view,1
[정부지원] 취약계층 냉방비 지원 사업 신청 안내. http://gov-cool.site/apply,1
[고용부] 구직 촉진 수당 지급 대상자 통지 안내입니다. http://moel-pay.net/view,1
[복지부] 기초연금 수급 자격 변동 안내 통지서입니다. http://mw-pension.site/read,1
[중기부] 중소기업 정책 자금 융자 지원 안내입니다. http://mss-fund.link/apply,1
[정부지원] 통신비 감면 대상자입니다. 즉시 신청하세요. http://gov-tel.site/apply,1
[식약처] 위해 식품 회수 관련 소비자 안내입니다. http://mfds-warn.net/read,1
[농림부] 농어민 수당 지급 대상 확인 안내입니다. http://mafra-info.site/view,1
[복지부] 아동수당 지급 계좌 변경 확인 요청입니다. http://mw-bank.link/fix,1
[노동부] 워크넷 채용 정보 알림이 도달하였습니다. http://work-info.net/view,1
[환경부] 노후 경유차 조기 폐차 지원금 안내입니다. http://me-car.link/apply,1
[정부지원] 1인 자영업자 고용보험료 지원 신청 안내. http://gov-insure.site/apply,1
[복지부] 장애인 연금 인상분 소급 지급 안내입니다. http://mw-add.link/get,1
[문화부] 문화누리카드 잔액 소멸 예고 안내입니다. http://mnuri-info.site/view,1
[정부24] 전자지갑 문서 보관함이 생성되었습니다. http://gov-wallet.link/check,1
고객님은 상생금융 특별 대출 지원 대상입니다. 한도 확인: http://kb-bank.loan/check,1
고금리 대출을 저금리로 전환해 드립니다. 당일 즉시 실행. http://woori-fix.site/convert,1
정부지원 서민금융 햇살론 승인 완료. 금리 연 3.2%부터. 신청: http://shinhan-support.net/apply,1
소상공인 긴급 경영안정자금 신청 안내. 오늘 18시 마감. http://hana-save.link/loan,1
중소기업 경영 위기 극복 자금 지원 대상입니다. http://ibk-fund.net/apply,1
농·어민 특별 지원 대출 승인 안내. 한도 산출하기: http://nh-support.com/check,1
비상금 대출 한도 증액 대상자로 선정되셨습니다. http://kakaobank-plus.site/view,1
고객님만을 위한 맞춤형 신용대출 안내. 지금 확인: http://kbank-loan.link/check,1
장기 미사용 대출 한도 소멸 예정입니다. 즉시 갱신: http://bank-update.net/renew,1
버팀목 고용안정자금 신청 안내. 귀하는 대상자입니다. http://gov-loan.site/apply,1
KB평생 파트너 대출 승인 안내. 금리 우대 혜택 확인. http://kb-partner.link/info,1
새희망홀씨 대출 자격 요건 충족 통지. 신청 서류 안내: http://shinhan-care.net/file,1
2026년 상반기 우리상생금융 지원 대상자 안내입니다. http://woori-final.site/get,1
귀하의 대출 이자 감면 대상 여부를 확인해 주세요. http://hana-refund.link/check,1
제일 착한 대출 승인 통지. 모바일 즉시 대출: http://sc-first.net/apply,1
어업인 소득 증대 특별 자금 지원 안내입니다. http://sh-support.site/view,1
서민 안심 전환 대출 신청 접수 중입니다. http://epost-bank.link/apply,1
기간산업 안정 자금 신청 안내문이 도달하였습니다. http://kdb-info.net/read,1
소상공인 손실보전금 추가 신청 대상입니다. http://gov-care.link/apply,1
직장인 신용대출 한도 상향 조정 안내. http://woori-limit.site/up,1
마이카 대출 금리 인하권 행사 안내입니다. http://shinhan-car.link/check,1
하나드림론 승인 완료. 서류 없이 즉시 이체 가능. http://hana-dream.net/get,1
소기업·소상공인 희망플러스 신용대출 안내. http://kb-hope.site/apply,1
고객님은 NH우대론 대상자입니다. 비대면 신청: http://nh-top.link/loan,1
중기 근로자 전세자금 대출 지원 통지. http://ibk-house.net/view,1
26주 적금 만기 고객 전용 대출 우대 쿠폰 도착. http://kakaobank-gift.link/get,1
사장님 마이너스 통장 개설 안내. 최저 금리 확인. http://kbank-ceo.site/apply,1
글로벌 파트너론 대출 자격 승인 안내. http://sc-global.net/check,1
특례보금자리론 신청 기간 연장 안내입니다. http://gov-house.link/apply,1
우리홈론 주택담보대출 금리 우대 안내. http://woori-home.site/info,1
1Q대출 서비스 이용 가능 대상입니다. 즉시 확인: http://hana-1q.link/check,1
쏠(SOL)편한 포켓론 신청 자격 통지. http://shinhan-sol.net/apply,1
KB스타론 승인 대기 중입니다. 최종 확인 바랍니다. http://kb-star.link/final,1
시니어 특별 연금 대출 지원 안내문입니다. http://nh-silver.site/read,1
불법 사금융 피해 예방을 위한 대환대출 안내. http://fss-care.link/check,1
고객님 계좌에서 비정상적인 출금 시도가 감지되었습니다. http://woori-safe.net/check,1
타 기기에서 뱅킹 로그인이 시도되었습니다. 본인이 아닐 시 차단: http://hana-secure.site/log,1
보안카드 갱신 기간이 만료되었습니다. 즉시 업데이트: http://kb-update.net/security,1
미사용 휴면 계좌 잔액 소멸 예정입니다. 즉시 전환: http://shinhan-bank.link/check,1
본인 확인을 위해 아래 링크에서 추가 인증해 주세요. http://nh-auth.site/login,1
개인정보 유출 의심 거래로 계좌가 일시 동결되었습니다. http://ibk-verify.net/unlock,1
비정상적인 앱 접속 기록이 확인되었습니다. http://kakaobank-secure.link/check,1
고객님 명의로 신규 기기가 등록되었습니다. 확인: http://kbank-device.site/view,1
금융사기 방지를 위한 보안 프로그램 설치 안내. http://shinhan-v3.net/app,1
장기 미접속으로 인한 뱅킹 서비스 제한 안내. http://hana-auth.link/renew,1
전자금융 거래 제한 해제를 위해 본인 인증 바랍니다. http://woori-verify.site/auth,1
비대면 계좌 개설이 완료되었습니다. 본인 아닐 시 클릭: http://kb-bank.link/stop,1
보안 등급 하향으로 인한 거래 한도 축소 안내. http://nh-grade.net/update,1
해외 IP 접속으로 로그인이 차단되었습니다. http://sc-safe.link/check,1
공동인증서 만료 예정입니다. 갱신 후 이용하세요. http://kdb-auth.net/renew,1
오픈뱅킹 서비스 신규 등록 안내. 본인 아닐 시 확인: http://sh-bank.site/log,1
비대면 실명 확인 요청이 접수되었습니다. http://epost-auth.link/check,1
카드 부정 사용 의심 거래가 감지되었습니다. http://kakaobank-card.net/view,1
개인정보 유효기간 만료 안내. 홈페이지에서 갱신: http://kb-star.site/info,1
"고객님 계좌에 1,500,000원이 입금 대기 중입니다. http://shinhan-pay.link/check",1
뱅킹 비밀번호 5회 오류로 계좌가 잠겼습니다. http://hana-unlock.net/auth,1
금융 거래 확인서 발급 요청이 완료되었습니다. http://woori-post.link/read,1
스마트OTP 카드 교체 발급 안내입니다. http://ibk-otp.site/apply,1
콕뱅크 앱 업데이트 후 이용 가능합니다. http://nh-app.link/update,1
예금자 보호법에 따른 예금 확인 요청입니다. http://kbank-safe.site/view,1
고객님 명의로 카드가 발급되었습니다. 본인 아닐 시 즉시 중지: http://nh-card.link/stop,1
"해외 가맹점에서 890,000원 결제 승인 완료. http://kb-card.site/cancel",1
신용카드 한도 상향 조정 대상입니다. 지금 신청: http://woori-card.link/up,1
장기카드대출(카드론) 우대 금리 안내. 연 5.9%부터. http://shinhan-loan.net/check,1
연회비 미납으로 카드 사용이 중지될 예정입니다. http://hyundai-card.site/bill,1
해외 부정 사용 의심 결제 차단 안내. 본인 확인: http://samsung-secure.link/check,1
리볼빙 서비스 가입 감사 쿠폰 도착. 내역 확인: http://lotte-card.net/gift,1
카드 교체 발급을 위한 배송지 확인 요청입니다. http://hana-card.site/fix,1
포인트 소멸 예정 안내. 즉시 현금 전환하세요. http://bc-point.link/get,1
비대면 카드 신청 본인 확인 절차 안내. http://kb-verify.net/card,1
카드 할부 수수료 감면 혜택 대상입니다. http://woori-card.net/event,1
채움카드 포인트 캐시백 신청 안내입니다. http://nh-point.site/get,1
마이샵 케어 서비스 무료 체험 신청 안내. http://shinhan-sol.link/apply,1
해외 지역 결제 시도 차단 통지. 본인 확인 바랍니다. http://hana-secure.net/check,1
신용점수 하향 예고 통지서입니다. 점수 관리하기: http://samsung-score.link/check,1
애플페이 등록 완료 안내. 본인이 아닐 시 즉시 해지. http://hyundai-apple.site/stop,1
개인신용정보 이용 내역 통지 안내입니다. http://lotte-info.net/read,1
단기카드대출(현금서비스) 한도 발생 안내. http://bc-cash.site/view,1
카드 분실 신고가 접수되었습니다. 철회하려면 클릭: http://epost-card.link/cancel,1
기업 구매 카드 결제 한도 부족 안내입니다. http://ibk-card.site/check,1
고객님께 도착한 KB스타클럽 선물함 확인 바랍니다. http://kb-gift.link/view,1
"신한플러스 포인트 50,000점 소멸 예정입니다. http://shinhan-point.net/get",1
꿀머니 적립금 유효기간 만료 안내. 현금 전환: http://woori-money.link/convert,1
하나머니 10만점 당첨! 지금 바로 확인하세요. http://hana-money.site/win,1
우수 고객 선정 사은품 배송 주소 확인 요청. http://nh-gift.site/address,1
매일 용돈 받기 이벤트 참여 안내. http://kakaobank-cash.link/get,1
친구 초대 챌린지 성공! 축하금 만원 지급. http://kbank-win.net/get,1
퇴직연금 가입 고객 경품 당첨 안내입니다. http://ibk-event.link/view,1
디지털 뱅킹 이용 만족도 설문 참여(기프티콘 증정). http://kdb-survey.site/go,1
쏠(SOL) 신규 가입 웰컴 기프트 안내입니다. http://shinhan-sol.link/gift,1
외화 통장 환율 우대 쿠폰 발행 완료. http://kb-fx.net/check,1
하나멤버스 회원 등급 업그레이드 안내. http://hana-member.site/info,1
우리WON뱅킹 1주년 기념 경품 당첨 안내. http://woori-won.link/win,1
NH포인트 캐시백 신청 마감 안내입니다. http://nh-point.net/apply,1
주식 계좌 개설 축하금 지급 완료 안내. http://kakaobank-stock.site/get,1
챌린지 박스 성공 축하금 도착! 확인하세요. http://kbank-box.link/view,1
우수 거래 고객 금리 우대 쿠폰 발행. http://sc-coupon.net/get,1
헤이뱅크 리뉴얼 기념 이벤트 당첨 통지. http://sh-hey.site/win,1
기업 뱅킹 수수료 면제 혜택 대상 안내입니다. http://ibk-fee.link/check,1
퇴직연금 IRP 가입 사은품 주소 입력 요청. http://shinhan-irp.net/fix,1
"[쿠팡] 고객님 57,800원 결제가 완료되었습니다. 본인 아닐 시 취소: http://coupang-check.net/cancel",1
"[네이버페이] 해외 IP에서 299,000원 결제 시도 감지. 즉시 확인: http://naver-pay.site/secure",1
[지마켓] 주문번호(20260512) 결제 승인 완료. 배송지 확인 바랍니다. http://gmarket-order.link/view,1
[11번가] 동일 상품 중복 결제 의심. 내역 확인 및 환불 신청: http://11st-refund.site/check,1
고객님 주문 상품이 품절되어 자동 환불 예정입니다. 상세 내용: http://ssg-info.net/refund,1
[알리익스프레스] 결제 카드 정보 불일치로 승인이 거절되었습니다. 다시 등록: http://ali-verify.site/pay,1
웰컴 첫 결제 99% 할인 혜택이 적용되었습니다. 주문서 확인: http://temu-save.link/order,1
주문하신 상품의 결제 수단 변경 요청이 접수되었습니다. http://musinsa-check.net/auth,1
샛별배송 주문 결제가 완료되었습니다. 영수증 확인: http://kurly-pay.site/receipt,1
"포인트 50,000원 결제 사용 안내. 본인 아닐 시 차단: http://naver-secure.link/stop",1
[쿠팡] 와우 멤버십 월회비가 결제되었습니다. 결제 수단 관리: http://coupang-membership.site/view,1
예약 구매 상품의 잔금 결제가 요청되었습니다. http://gmarket-pay.net/final,1
미성년자 결제 의심으로 주문이 일시 중지되었습니다. http://11st-auth.link/check,1
주문하신 음식이 결제 완료되었습니다. 주문 내역: http://baemin-order.site/read,1
숙소 예약 결제가 완료되었습니다. 예약 취소 및 확인: http://yanolja-check.net/view,1
주문하신 가구의 배송비 추가 결제가 필요합니다. http://ohou-pay.site/add,1
친구에게 보낸 선물이 결제 취소되었습니다. 사유 확인: http://kakao-gift.link/cancel,1
오늘드림 주문이 접수되었습니다. 실시간 배송 조회: http://olive-trace.net/view,1
"당근페이 충전 100,000원 완료. 거래 내역 확인: http://daangn-pay.site/history",1
안전 결제 대금이 입금되었습니다. 물건 발송 안내: http://bunjang-safe.link/view,1
입찰하신 상품이 낙찰되어 결제 진행 중입니다. http://kream-check.net/pay,1
명품 정품 인증 결제가 완료되었습니다. 인증서 확인: http://ballan-auth.site/cert,1
해외 배송 추가 관세 결제 안내입니다. http://trenbe-tax.link/pay,1
주문하신 물건이 장기 미결제 상태입니다. 즉시 결제: http://ali-pay.net/now,1
카드 도용 방지를 위한 결제 비밀번호 재설정 안내. http://temu-secure.site/reset,1
[쿠팡] 주소지 불분명으로 상품 회수 예정입니다. 주소 수정 요청: http://coupang-fix.net/address,1
해외 통관 부호가 일치하지 않아 배송이 중단되었습니다. http://ali-customs.site/fix,1
[CJ대한통운] 송장 번호 오류로 반송 예정입니다. 배송지 재등록: http://cj-logis.link/check,1
현관 비밀번호 오류로 배송이 실패하였습니다. 재전달: http://kurly-delivery.site/fix,1
택배가 위탁 장소에 도착하지 못했습니다. 보관 장소 지정: http://gmarket-trace.net/view,1
문 앞에 택배 두고 갑니다. 사진 확인하세요: http://naver-photo.link/trace,1
주문하신 물건이 인천 세관에 계류 중입니다. 확인: http://11st-customs.net/view,1
택배 기사 부재로 인한 배송 지연 안내. 연락처 수정: http://lotteon-fix.site/contact,1
새벽 배송 불가 지역으로 판명되었습니다. 환불 또는 변경: http://ssg-check.link/address,1
고객님 택배가 다른 주소로 오배송되었습니다. 즉시 확인: http://delivery-secure.net/fix,1
해외 배송 추적 번호가 발급되었습니다. 경로 확인: http://musinsa-trace.site/view,1
대형 화물 배송 기사 해피콜 안내. 일정 조율: http://ohou-delivery.net/schedule,1
[알리] 관세 미납으로 인한 배송 보류 안내. 납부하기: http://ali-tax.site/pay,1
무료 배송 혜택을 위한 추가 주소지 정보가 필요합니다. http://temu-info.link/address,1
편의점 택배 픽업 바코드가 생성되었습니다. 확인: http://naver-barcode.site/view,1
로켓 프레시 주소지 오류로 배송 취소 예정. http://coupang-fresh.link/fix,1
반품 접수하신 상품의 수거지가 일치하지 않습니다. http://gmarket-return.site/check,1
안심번호 사용 기간 만료. 배송 연락처 재등록: http://11st-verify.net/phone,1
주문하신 상품이 물류 센터에서 누락되었습니다. 보상 확인: http://olive-care.site/get,1
정품 검수 완료 및 배송 시작 안내. 경로 조회: http://kream-trace.net/view,1
현지 구매 완료 및 항공 배송 예정입니다. http://trenbe-air.site/trace,1
통관 개인부호 오류로 인한 배송 지연 통지. http://ballan-customs.net/fix,1
냉동 상품 배송 중 드라이아이스 부족 안내. 확인: http://kurly-care.link/view,1
쓱배송 시간대 변경 요청이 접수되었습니다. http://ssg-time.site/change,1
소포 수령 거부로 인한 반송 처리 안내. http://ali-back.net/reason,1
"와우 멤버십 포인트 38,000점 오늘 만료 예정. 즉시 사용: http://coupang-point.net/get",1
쇼핑 포인트 유효기간 만료 안내. 현금 전환하기: http://naver-money.site/convert,1
고객님께만 드리는 90% 할인 시크릿 쿠폰 도착. http://ssg-secret.link/coupon,1
스마일클럽 연회비 캐시백 대상자로 선정되셨습니다. http://gmarket-cash.site/get,1
십일절 기념 아이폰 15 당첨! 배송 주소 입력하세요. http://11st-win.net/event,1
럭키 박스 당첨! 1달러에 구매하기: http://ali-lucky.site/win,1
100% 할인권 지급 완료! 선착순 마감 전 사용: http://temu-coupon.link/use,1
첫 구매 혜택 100원 딜 쿠폰이 발급되었습니다. http://kurly-100won.site/get,1
"리뷰 작성 포인트 5,000점 미수령 안내. http://naver-review.link/get",1
등급 업그레이드 축하 쿠폰 팩이 도착했습니다. http://musinsa-gift.net/view,1
멤버십 라운지 기프트 신청 대상입니다. http://olive-lounge.site/apply,1
첫 이사 축하 포인트 10만점 지급 완료. 확인: http://ohou-point.net/view,1
친구 초대 성공! 스타벅스 기프티콘 받기: http://kakao-event.link/gift,1
장바구니에 담아둔 상품 추가 할인 쿠폰 도착. http://gmarket-save.site/get,1
우주패스 첫 달 100원 프로모션 종료 전 갱신. http://11st-pass.link/renew,1
쿠팡플레이 1개월 무료 체험권이 증정되었습니다. http://coupang-play.site/get,1
신세계 유니버스 클럽 포인트 소멸 예고 안내. http://ssg-point.net/check,1
깜짝 할인 쿠폰 1만원권 도착. 지금 주문하세요. http://baemin-coupon.site/use,1
고객님을 위한 0원 무료 배송 쿠폰 지급! http://ali-free.link/get,1
크레딧 50만원 적립 완료! 즉시 확인 및 사용: http://temu-credit.site/view,1
선착순 드로우 당첨 기회가 주어졌습니다. 참여: http://kream-draw.net/check,1
VIP 전용 연말 세일 초대권이 발송되었습니다. http://ballan-vip.site/view,1
장바구니 할인 혜택이 곧 종료됩니다. 구매하기: http://trenbe-save.link/buy,1
네이버플러스 멤버십 무료 한 달 이용권 도착. http://naver-plus.net/get,1
온/오프라인 통합 포인트 합산 안내입니다. http://olive-point.site/check,1
해외 IP(중국)에서 로그인이 감지되었습니다. 차단: http://naver-secure.net/block,1
비정상적인 접근 시도로 계정이 일시 정지되었습니다. http://coupang-auth.site/unlock,1
비밀번호 유출 의심으로 강제 로그아웃되었습니다. 변경: http://gmarket-pass.net/reset,1
개인정보 유효기간 만료로 인한 계정 휴면 예고. http://11st-keep.link/auth,1
결제 수단 도용 의심 거래가 발생했습니다. 확인: http://ali-verify.net/check,1
타 기기에서 장바구니 상품 결제가 시도되었습니다. http://temu-secure.site/log,1
신세계 통합 아이디 로그인 기록 확인 안내. http://ssg-secure.net/history,1
회원정보 업데이트를 위한 본인 인증 요청입니다. http://kurly-verify.site/auth,1
구매 확정하지 않은 상품의 자동 구매 확정 안내. http://naver-pay.site/confirm,1
커뮤니티 정책 위반으로 계정이 제한되었습니다. 소명: http://ohou-help.net/report,1
본인 확인 정보 불일치로 인한 주문 취소 안내. http://musinsa-auth.link/check,1
스마트 영수증 설정 변경 안내입니다. 확인: http://olive-bill.net/view,1
선물하기 서비스 비정상 사용 감지 통지. http://kakao-secure.site/check,1
2단계 인증 설정 후 안전하게 거래하세요. 설정: http://kream-auth.link/set,1
로그인 알림 기능이 활성화되었습니다. 기록 확인: http://ballan-log.site/view,1
개인정보 국외 이전 동의 안내문이 도달하였습니다. http://trenbe-info.net/read,1
계정 보안 등급이 낮아 결제가 거절되었습니다. 강화: http://ali-secure.link/up,1
비정상적인 추천인 코드 사용으로 혜택 취소 안내. http://temu-check.net/reason,1
카드사 도용 의심 통지로 인한 페이 사용 중지. http://naver-pay.site/unlock,1
로켓와우 자동 갱신 실패 안내. 카드 정보 수정: http://coupang-pay.link/fix,1
스마일캐시 비정상 출금 시도 차단 통지. http://gmarket-safe.net/check,1
이벤트 부정 참여로 인한 당첨 취소 안내입니다. http://11st-event.site/notice,1
고객님의 소중한 개인정보 유출 방지 캠페인 안내. http://kurly-care.link/view,1
본인 인증 완료 후 즉시 할인 혜택 받기. http://ali-auth.site/login,1
주문하신 택배가 배송 완료되었습니다. 후기 작성: http://shopping-review.link/get,1
[서울중앙지검] 귀하의 명의가 대포통장 사기 사건에 연루되었습니다. 본인 확인: http://spo-invest.net/check,1
금융범죄수사1팀 김민수 수사관입니다. 사건 관련 소명 바랍니다. http://spo-verify.site/case,1
귀하가 피의자로 입건된 비공개 수사 사건 안내입니다. 내용 확인: http://spo-notice.link/read,1
자금세탁 방지법 위반 혐의로 계좌 추적 영장이 발부되었습니다. http://spo-auth.net/view,1
사건번호 2026-고합104 관련 본인 확인 요청이 도달하였습니다. http://spo-case.site/log,1
개인정보 유출로 인한 2차 피해 방지 센터입니다. 즉시 보호 신청: http://spo-safe.net/protect,1
귀하의 자산이 범죄 수익금으로 의심되어 일시 동결 예정입니다. http://spo-bill.link/stop,1
국제 보이스피싱 조직 검거 관련 참고인 조사 안내입니다. http://spo-find.site/view,1
피해자 보호 명령 신청에 따른 전자 고지서가 발송되었습니다. http://spo-post.net/read,1
첨단범죄수사부입니다. 귀하의 IP가 범죄에 이용되었습니다. http://spo-check.link/ip,1
전자 서명법 위반 혐의에 따른 조사 협조 요청서입니다. http://spo-verify.net/auth,1
금일 중 미출석 시 체포영장이 집행될 예정입니다. 일정 조정: http://spo-date.site/view,1
압수수색 영장 발부 전 최종 소명 기회를 부여합니다. http://spo-warn.net/apply,1
보이스피싱 피해 복구금 지급 대상자 안내 통지문입니다. http://spo-refund.link/get,1
귀하의 연락처가 범죄 단체 대화방에서 발견되었습니다. http://spo-log.net/check,1
금융감독원 합동 수사팀입니다. 보안 강화 절차를 이행하세요. http://spo-secure.site/app,1
구속 수사 전 비대면 조사를 위해 아래 링크로 접속 바랍니다. http://spo-zoom.net/join,1
공문서 위조 혐의로 고발장이 접수되었습니다. 확인: http://spo-file.link/read,1
자산 전수 조사 통지서. 기한 내 미보고 시 가중 처벌. http://spo-asset.site/report,1
국가 보안법 위반 관련 참고인 소환 통보입니다. http://spo-notice.net/view,1
귀하의 계좌에서 비정상적인 해외 송금이 포착되었습니다. http://spo-bank.link/check,1
수사 기밀 유지 위반 시 처벌됨을 고지합니다. 지침서 확인: http://spo-rule.site/read,1
사이버 명예훼손 사건 고소 대리인 확인 요청입니다. http://spo-legal.net/check,1
불법 도박 사이트 연루 혐의 조사 안내 통지서. http://spo-gamble.link/view,1
본인 확인 절차 미이행 시 금융 거래 전면 중단 예정입니다. http://spo-auth.site/login,1
지식재산권 침해 관련 조사 통보. 관련 서류 확인: http://spo-copy.net/read,1
마약류 관리법 위반 혐의 참고인 등재 안내입니다. http://spo-case.site/info,1
범죄 피해 구제 신청서 작성 안내. 즉시 접수: http://spo-care.link/apply,1
디지털 포렌식 조사 대상자로 선정되었습니다. 일정 확인: http://spo-check.net/date,1
검찰총장 명의의 특별 수사 협조 요청문입니다. http://spo-final.site/view,1
귀하와 관련된 형사 사건(제2026-00512호)이 접수되었습니다. http://police-case.net/read,1
뺑소니 사고 목격자 제보 관련 확인 요청입니다. http://police-witness.site/view,1
도로교통법 위반 과태료 미납으로 인한 차량 압류 고지,1
귀하의 계정이 아동성착취물 유포에 이용되었습니다,1
출석요구서가 발송되었습니다. 본인이 아닐 시 확인,1
신분증 도용으로 인한 부정 발급 신고 접수 안내,1
교통사고 사실 확인원이 발급되었습니다. 내역 확인,1
귀하의 연락처가 성매매 업소 장부에서 확인되었습니다,1
미수령 분실물 보관 안내. 본인 물건 확인,1
불법 리딩방 가담 혐의 조사 예정입니다,1
운전면허 정지 처분 통지서가 도달하였습니다,1
스토킹 처벌법 관련 잠정 조치 결정문 안내입니다.,1
범죄 경력 조회 결과 보고서가 도달하였습니다.,1
마약 범죄 소탕 작전 관련 제보 확인 요청입니다.,1
어린이 보호구역 속도 위반 과태료 고지서 발송,1
귀하의 차량이 뺑소니 의심 차량으로 신고되었습니다,1
메신저 피싱 방지용 보안 인증을 실시하세요.,1
유실물 횡령죄 고소 사건 관련 소명 안내입니다.,1
청소년 보호법 위반 관련 영업 정지 처분 안내,1
보이스피싱 총책 검거 관련 계좌 확인 요청,1
실종 아동 찾기 캠페인 및 본인 인증 협조 요청,1
불법 카메라 설치 혐의 피의자 확인 절차입니다,1
무단 횡단 및 교통 법규 위반 벌점 고지서.,1
신변 보호 요청에 따른 위치 추적 승인 안내,1
타인 명의 도용으로 인한 카드 부정 사용 수사 중.,1
불법 집회 가담 관련 소환 통보서입니다.,1
고소장 접수에 따른 피고소인 진술서 작성 안내,1
학교 폭력 실태 조사 관련 확인 요청 문구입니다,1
지문 사전 등록 정보가 만료되었습니다. 갱신,1
지문 사전 등록 정보가 만료되었습니다. 갱신,1
전자 소송 사건번호(2026가단592)가 접수되었습니다.,1
귀하의 재산에 대한 강제 압류 결정문이 발송되었습니다.,1
소송 서류가 도달하였습니다. 송달 내역 확인,1
국민참여재판 배심원 후보자 선정 통지서입니다,1
증인 출석 요구서가 발부되었습니다. 기일 엄수 바랍니다.,1
유산 상속 관련 분쟁 조정 신청서가 접수되었습니다.,1
채무 불이행자 명부 등재 예고 통지입니다.,1
이혼 소송에 따른 재산 분할 신청 내역 확인,1
개인회생 신청에 따른 채권자 목록 수정 안내.,1
본인 인증 후 소송 서류를 수령하시기 바랍니다.,1
가압류 결정 통지서가 도달하였습니다. 사유 확인:,1
소액 재판 청구 취지 확인 및 변론 기일 안내,1
과태료 처분에 대한 이의 신청 처리 결과입니다,1
재산 명시 명령에 따른 재산 목록 제출 안내.,1
공시송달 안내 통지. 내용을 즉시 확인하세요,1
지급 명령 결정서가 발송되었습니다. 이의 신청 기한 확인,1
형사 공판 기일 변경 안내 통지서가 도달하였습니다,1
보호 관찰 대상자 준수 사항 안내문입니다,1
판결문 등본 발급 요청이 완료되었습니다,1
부동산 경매 개시 결정 통지서가 발송되었습니다,1
불법 자금 흐름이 포착되어 계좌 일시 중지 예정입니다,1
비정상 거래 방지를 위한 공동인증서 재등록 요청,1
예비군 훈련 무단 결석으로 인한 고발 안내 통지서,1
귀하의 여권이 범죄에 도용되어 사용 중지되었습니다.,1
밀수 의심 물품 반입에 따른 조사 협조 안내.,1
마약류 의약품 오남용 의심 사례 확인 요청,1
실업급여 부정 수급 관련 조사 대상자로 선정되었습니다,1
정책 자금 횡령 혐의 관련 소명 안내.,1
불법 선거 자금 수수 혐의 관련 확인 요청입니다,1
담합 사건 관련 증거 자료 제출 명령입니다.,1
피의자 인권 침해 민원 접수 관련 확인 요청,1
불법 정보 유포로 인한 사이트 차단 및 조사 안내,1
보훈 급여 부정 수급 혐의 관련 조사 통보,1
폐기물 관리법 위반에 따른 과태료 고지 안내,1
산림 보호 구역 무단 훼손 관련 조사 안내,1
선박 불법 개조 및 운항 관련 조사 통지서,1
국가 안보 위협 행위 신고 관련 확인 요청,1
위해 의약품 유통 관련 긴급 회수 명령 안내.,1
학위 위조 및 부정 입학 관련 조사 통지서,1
전자 문서 보관함에 형사 사건 고지서가 도착했습니다,1
"상품 리뷰 작성 아르바이트 모집. 건당 5,000원 당일 지급",1
주부/대학생 환영! 하루 1시간 타이핑만 해도 월 200 가능,1
쇼핑몰 주문 보조 업무 하실 분 구합니다. 시급 2만원,1
유튜브 영상 '좋아요'만 눌러도 수익 발생! 지금 바로 시작하세요.,1
단순 상품 분류 및 후기 작성 업무. 초보 가능,1
쇼핑몰 리뷰 체험단 모집 중입니다. 상품 무료 증정 및 사례금 지급,1
간단한 설문조사 참여하고 하루 5만원 벌어가세요!,1
[부업안내] 집에서 스마트폰으로 틈틈이 하는 알바.,1
커머스 배송 모니터링 요원 모집. 일급 15만원 보장,1
리뷰 지원단 5기 모집 중. 활동비 즉시 입금,1
텍스트 데이터 라벨링 알바 모집. 건당 수익 정산,1
인테리어 소품 리뷰어 모집. 건당 1만원 지급,1
영수증 사진만 찍어 올리면 포인트가 현금으로! 가입하기,1
문서 타이핑 및 단순 사무 보조. 컴퓨터만 있으면 OK,1
당일 정산 가능! 쇼핑몰 구매 대행 아르바이트 선착순 모집,1
귀하의 프로필을 보고 연락드렸습니다. 부업 제안,1
인스타그램 계정만 있으면 수익 창출 가능! 홍보 요원 모집.,1
배달 리뷰 이벤트 참여 대상입니다. 사례금 확인,1
손부업보다 쉬운 스마트폰 부업! 하루 30분이면 충분합니다.,1
청년 재택 부업 장려금 신청 안내입니다.,1
블로그 포스팅 알바 하실 분? 건당 3만원 즉시 입금,1
단순 영수증 검토 업무. 시간 자유. 고수익 보장,1
온라인 쇼핑몰 CS 보조 업무. 월 300만원 이상 가능,1
앱 설치하고 리뷰 남기면 커피 쿠폰+현금 지급!,1
데이터 가공 단순 업무. 누구나 할 수 있습니다.,1
삼성전자 출신 전문가의 종목 추천방. 오늘만 무료 입장,1
내일 아침 상한가 확정 종목 공유합니다. 정보 확인,1
"주식 초보도 월 1,000만원 버는 비결 공개!",1
손실 보전 이벤트! 기존 주식 손실액 100% 복구해 드립니다,1
"제2의 에코프로, 매수 타점 공유합니다. 비밀방 입장",1
장 마감 전 세력 매집주 정보 입수. 지금 바로 매수하세요.,1
1주 만에 수익률 300% 달성! 수익 인증샷 확인,1
증권사 수석 연구원의 하반기 급등 예상 종목 리스트,1
VIP 유료 리딩방 3일 무료 체험권 증정.,1
원금 보장형 주식 투자 프로젝트. 실패 시 100% 환불,1
미공개 내부 정보 유출! 이번 주 급등 확정주 공개,1
주식은 정보전입니다. 남들보다 빠른 정보로 돈 버세요,1
외국인 대량 순매수 종목 포착. 따라만 사도 수익,1
주식 공부 그만하고 수익부터 챙기세요. 무료 리딩방,1
반도체 섹터 대장주 교체 예정. 미리 매집하세요.,1
"누적 수익률 5,000% 돌파 기념! 감사 종목 1개 무료 공유.",1
아직도 물려 계신가요? 탈출 전략 무료로 짜드립니다,1
급등주 검색기 평생 무료 나눔 합니다. 다운로드,1
텐배거(10배) 나올 종목 드디어 찾았습니다,1
주식 투자 동호회 1기 모집. 소수 정예 운영,1
증시 급락장에도 수익 내는 법 알려드립니다.,1
공모주 따상 확정! 청약 일정 및 방법 안내,1
전량 매도 신호 포착! 종목 대응 방안 확인하세요,1
인공지능(AI) 기반 주식 자동 매매 프로그램 무료 배포,1
"코치님, 주식 고수들의 비밀 단톡방에 초대되었습니다.",1
미상장 코인 에어드랍 이벤트. 100만원 상당 증정,1
"비트코인 1억 돌파 기념! 축하금 50,000원 즉시 지급",1
바이낸스 상장 확정 코인 선취매 기회!,1
제2의 도지코인 찾았습니다. 머스크가 언급한 그 코인!,1
코인 선물 거래 타점 실시간 공유. 수익률 500%,1
채굴기 임대 부업. 가만히 있어도 코인이 쌓입니다,1
빗썸 휴면 계좌에 잠자고 있는 코인을 확인하세요,1
코인 스테이킹 이자 연 200% 보장. 안전 자산 운용,1
리플 승소 임박! 가격 폭등 전 마지막 탑승 기회,1
밈코인 소액 투자로 억만장자 되기 프로젝트,1
해외 코인 전문가 리딩방 무료 입장 안내,1
코인 자동 매매 봇 3일 무료 체험하고 수익 확인하세요,1
가입 즉시 테더(USDT) 100불 지급! 출금 가능.,1
코인 투자로 퇴사한 김대리의 비결 대공개.,1
가상자산 보호법 관련 본인 인증 확인 요청.,1
비상장 코인 무료 나눔. 상장 시 100배 수익 보장.,1
선물 거래 수수료 50% 할인 및 증정금 혜택.,1
코인 고래들의 지갑 이동 포착! 다음 급등주는?,1
유명 화가의 NFT 작품 무료 민팅 기회!,1
파이코인 상장 임박! 보유 수량 확인 및 현금화 안내,1
특정 코인 상폐 예정. 보유 중이라면 즉시 확인,1
코인 투자 손실 복구 전문 상담팀입니다,1
메타버스 코인 무료 배포 안내. 선착순 100명,1
코인 선물 롱/숏 정확한 지점 짚어드립니다,1
가상화폐 과세 유예 관련 정보 및 절세 전략,1
전국민 재테크 장려금 지원 대상자 안내,1
소액으로 시작하는 아트 테크(Art-Tech). 연 15% 수익,1
금보다 나은 은 투자! 은값 폭등 전 선점하세요.,1
지방 신축 아파트 무순위 줍줍 정보 공유합니다.,1
"부자들의 자산 관리 노하우, 딱 1시간만 공개.",1
소액 땅 투자로 대박 나기! 개발 예정지 정보 입수.,1
정부 지원 청년 도약 재테크 챌린지 1기 모집.,1
연금 저축으로 세액 공제와 수익을 동시에 잡는 법.,1
지식산업센터 소액 투자로 월세 수익 만들기.,1
매달 꼬박꼬박 배당금 받는 배당주 재테크 전략.,1
강남 재건축 조합원 지위 승계 급매물 정보.,1
"금 현물 투자, 수수료 없이 시작하는 방법 안내",1
휴면 예금 및 보험금 찾기 서비스. 평균 15만원!,1
재테크 전문가의 1:1 무료 자산 포트폴리오 상담.,1
고금리 예적금 갈아타기 추천 리스트,1
법원 경매 반값 아파트 리스트 무료 공유합니다.,1
명품 시계 리셀로 한 달에 500 벌기.,1
신재생 에너지 투자 프로젝트. 정부 지원 사업 참여.,1
부동산 리치 언니의 실전 경매 노하우 특강.,1
세금은 아끼고 수익은 키우는 절세 재테크 비법.,1
디지털 금 거래 플랫폼 오픈 기념 1돈 무료 이벤트.,1
해외 채권 투자로 달러와 이자를 동시에!,1
꼬마 빌딩 주인이 되는 가장 빠른 길 안내.,1
사회초년생을 위한 월급 관리 및 1억 모으기 팁.,1
오늘 가입 시 재테크 전자책 3권 무료 증정!,1
주소지 불명으로 상품 회수 예정입니다. 주소 수정 요청,1
도로명 주소 불일치로 배송이 중단되었습니다. 재등록,1
등기번호(2026-05) 주소지 오기재로 반송 예정. 확인,1
동호수 미기재로 상품 배송이 지연되고 있습니다. 수정,1
고객님의 소중한 택배가 주소지 오류로 보관 중입니다,1
상세 주소 누락으로 배송 불가. 정확한 주소 입력 바랍니다. http://trace-check.site/address,1
대형 화물 주소지 확인 불가. 배송지 다시 지정하세요,1
미수령 택배 주소지 확인 요청 안내 통지서. http://epost-auth.site/read,1
택배 기사 부재 및 주소 불일치로 반송 절차 진행 중.,1
주소 정보 업데이트 후 재배송 신청 가능합니다.,1
수하인 주소 불명확으로 터미널 입고되었습니다. 확인,1
고객님 택배의 지번 주소가 정확하지 않습니다. 수정,1
주소지 오기입으로 인한 오배송 방지 확인 요청,1
택배 주소지가 실거주지와 다릅니다. 본인 확인,1
배송 불가 지역으로 판명되었습니다. 주소 변경,1
송장번호 오류 및 주소지 확인 요청 안내. http://cj-bill.site/check,1
아파트 동호수 누락으로 경비실 위탁 불가,1
물류 센터 내 주소 미기재 화물로 분류되었습니다,1
수령인 주소 오기로 인한 배송 실패 통지.,1
등기 우편 주소지 불일치로 우체국 보관 중,1
주소지 도로 상황으로 배송 지연. 재등록,1
택배 주소가 정확하지 않아 반송 처리됩니다,1
신규 도로명 주소 전환에 따른 배송지 정비 요청,1
택배 송장 훼손으로 주소 식별 불가. 재입력,1
주소지 오기재로 인한 배송 지연 사과 안내,1
부재중으로 택배가 반송되었습니다. 재배송 신청,1
3회 이상 배송 실패로 반송 절차 시작. 중단하기,1
고객님 요청으로 인한 반품 접수가 완료되었습니다. http://rosen-return.site/view,1
배송 기사님 방문 전 연락 안 됨. 재방문 예약,1
미수령 상품의 보관 기간이 만료되어 반송됩니다,1
수취 거부로 인한 반송 택배 배송비 결제 안내,1
등기 재교부 신청 기간 안내. 기한 엄수 바랍니다,1
택배 반송 사유 확인 및 재출고 요청 접수,1
주소지 이동으로 인한 택배 회수 신청 확인,1
배송 실패로 물류 창고 이동 완료. 재배송비 결제,1
택배 기사님이 연락이 안 되어 반품 처리되었습니다,1
전자고지: 우편물 반송 안내문이 도착했습니다,1
고객님의 택배가 다른 지점으로 오배송되어 회수 중,1
반품 상품 수거가 완료되었습니다. 송장 확인,1
택배 보관함 비밀번호 오류로 반송 예정.,1
장기 미수령 화물에 대한 최종 처리 안내,1
배송 예정일 변경 요청이 접수되었습니다.,1
등기 수령 거부 관련 확인서 제출 안내.,1
화물 보관료 발생 안내. 즉시 확인,1
주소지 불명으로 인한 자동 반송 처리 통지,1
택배 오배송 신고 접수 관련 본인 확인 요청. http://cj-verify.site/check,1
재배송 희망 시간을 아래 링크에서 선택하세요,1
택배 상자 파손으로 인한 반송 및 보상 신청 안내.,1
수하인 확인 불가로 대리점 반송 완료. http://lotte-back.site/view,1
택배 보관 장소 변경 및 재배송 예약 서비스.,1
택배를 무인보관함에 보관했습니다. 비밀번호: http://cj-box.net/view,1
고객님 요청하신 위탁 장소 사진 전송 실패. 확인,1
현관 앞 배송 완료. 상품 상태를 확인하세요. http://hanjin-trace.site/photo,1
편의점 픽업 서비스 바코드가 생성되었습니다,1
택배가 경비실에 위탁되었습니다. 수령 후 확인,1
문 앞 택배 분실 방지를 위해 사진 촬영 완료. http://delivery-pic.site/view,1
대리점 픽업 요청이 승인되었습니다. 위치 안내,1
무인 택배함 장기 보관으로 추가 요금 발생,1
위탁 장소 변경 요청이 정상 처리되었습니다,1
택배 도착 알림. 수령 확인 버튼을 눌러주세요,1
보관함 보관 기간 만료 전 수령 바랍니다,1
옆집에 오배송된 택배 회수 완료.,1
택배함 고장으로 인해 경비실에 맡겼습니다,1
배송 완료 사진이 업로드되었습니다. http://rosen-logis.link/photo,1
안심번호 사용 종료로 인한 위탁 장소 재안내.,1
택배 기사님이 직접 전달하지 못해 위탁했습니다.,1
스마트 우편함 도착 알림. 열기 버튼 클릭,1
화물 하차 완료. 현장 사진 확인하세요. http://kd-photo.net/view,1
연락이 안 되어 소화전 안에 넣었습니다,1
수령인 부재로 인한 인근 상점 위탁 안내,1
택배 보관 장소 이미지 전송이 완료되었습니다.,1
고객님 요청에 따른 비대면 배송 완료 보고서.,1
택배함 비밀번호 재설정 요청이 접수되었습니다.,1
등기 우편 수령 확인증 발급 안내.,1
현관문에 택배 걸어두었습니다. 확인 부탁해요!,1
해외 직구 물품 통관 번호 불일치로 배송 중단.,1
해외 배송 추적 번호가 발급되었습니다. 경로 확인,1
국제 우편물(EMS) 세관 계류 중. 관세 납부 안내,1
항공 배송 지연으로 인한 도착 예정일 변경,1
해외 직구 상품 통관 완료 및 국내 배송 시작.,1
수입 화물 통관 보류 안내. 사유를 확인하세요,1
해외 발송 물품 주소지 영문 오류로 배송 불가,1
특송 화물 개인 통관 부호 재등록 요청 안내.,1
해외 구매 대행 상품 현지 검수 완료 사진 확인,1
국제 등기 우편 본인 확인 절차 안내,1
직구 상품 관세 미납 시 3일 후 자동 반송됩니다,1
해외 배송 상자 파손으로 인한 내용물 확인 요청.,1
개인용품 수입 신고서가 접수되었습니다. 확인,1
국제 택배 배송비 추가 결제가 필요합니다,1
항공편 결항으로 인한 국제 배송 일정 조정,1
해외 배송 물류 창고 입고 지연 통지,1
통관 고유 부호 도용 방지를 위한 본인 인증,1
해외 직구 배송 대행지 주소 수정 안내,1
EMS 국제 우편물 통관 세액 계산 및 납부,1
전자 통관 시스템 등록 완료 안내. 내역 확인,1
해외 결제 상품의 배송 경로가 변경되었습니다,1
국제 특송 전용 앱 설치 후 실시간 배송 추적,1
수입 금지 품목 포함으로 인한 통관 거절 안내.,1
해외 배송 대행 수수료 정산 내역 확인 요청. http://hanjin-bill.site/check,1
국제 우편물 반송 신청 접수 결과 통지. http://epost-back.link/read,1
해외 IP에서 로그인이 시도되었습니다. 본인이 아닐 경우 차단,1
새로운 기기에서 로그인이 완료되었습니다. 확인,1
평소와 다른 환경에서 로그인이 감지되었습니다. 본인 확인 바랍니다.,1
미국 캘리포니아에서 회원님의 계정에 로그인했습니다,1
비정상적인 위치에서 접근 시도가 포착되었습니다. 즉시 차단,1
Apple ID가 새로운 기기에서 사용되었습니다. 본인 아닐 시 해지: http://apple-id.link/reset,1
타인에 의한 로그인 시도로 비밀번호가 보호 조치되었습니다. http://naver-verify.net/unlock,1
PC버전 카카오톡이 로그인되었습니다. 본인이 아닐 시 즉시 해제: http://kakao-secure.link/out,1
누군가 회원님의 비밀번호를 사용하여 계정에 접속했습니다.,1
해외 지역에서 대량의 메일 발송 기록이 확인되었습니다.,1
고객님 계정으로 비정상적인 접속이 확인되어 휴면 전환되었습니다.,1
새로운 Galaxy 기기에서 로그인이 감지되었습니다,1
회원님의 계정에 새로운 로그인 시도가 있습니다. 확인: http://twitter-check.link/log,1
실시간 로그인 알림: [중국/북경]에서 접속되었습니다.,1
새로운 가구에서 회원님의 계정을 사용 중입니다. 본인 확인,1
타 기기에서 카카오페이 결제가 시도되었습니다. 차단,1
보안 알림: 회원님의 복구 이메일이 변경되었습니다,1
회원님의 게시물이 저작권 위반으로 신고되었습니다. 확인,1
본인 확인 정보가 변경되었습니다. 본인이 아닐 시 즉시 신고,1
iCloud 저장 공간 결제 시도가 감지되었습니다. 취소,1
계정 보안 등급이 낮아 로그인이 제한되었습니다. 강화,1
회원님의 위치가 대한민국 대구에서 싱가포르로 변경되었습니다,1
로그인 유지 설정이 타 기기에서 해제되었습니다.,1
카카오계정 이메일 주소가 변경되었습니다. 확인,1
누군가 회원님의 프로필 사진을 도용하고 있습니다. 신고 확인: http://insta-report.site/log,1
보안 질문에 대한 답변이 3회 틀렸습니다. 계정 잠금 해제,1
2단계 인증 기기가 변경되었습니다. 본인 아닐 시 즉시 해지,1
"App Store에서 119,000원이 결제되었습니다. 본인 확인",1
카카오톡 지갑 보안 업데이트가 필요합니다.,1
회원님의 비밀번호가 타 사이트 유출 정보와 일치합니다.,1
고객님의 비밀번호가 다크웹에서 유출된 것으로 확인되었습니다. http://safety-check.net/verify,1
계정 보호를 위해 비밀번호 변경이 필요합니다. 변경하기,1
시스템 업데이트 후 보안 인증을 다시 진행해 주세요.,1
2단계 인증 설정이 비활성화되었습니다. 즉시 활성화,1
회원님의 Apple ID가 보안상 이유로 비활성화되었습니다,1
장기 미사용으로 인한 개인정보 파기 전 안내입니다.,1
회원님의 계정이 커뮤니티 가이드 위반으로 정지 예정입니다.,1
"보안 진단 결과, 위험한 앱이 설치되어 있습니다. 삭제",1
친구 목록이 외부로 유출된 정황이 있습니다. 보안 점검,1
메일 보관함의 보안 설정이 해제되었습니다. 다시 설정,1
계정 소유권 확인을 위한 신분증 사진을 업로드하세요,1
iCloud 백업 파일이 손상되었습니다. 복구하기,1
비정상적인 자동 로그인 시도가 100회 이상 차단되었습니다. http://google-warn.net/log,1
단톡방 내 불법 정보 유포로 계정이 제한되었습니다. 소명,1
스마트플레이스 관리자 권한이 변경되었습니다. 확인,1
회원님의 계정에 대한 삭제 요청이 접수되었습니다. 취소,1
회원님의 전화번호가 보안 검색 도구에 의해 삭제되었습니다,1
로그인 2차 인증 번호가 발송되었습니다. [3921] 입력: http://nate-auth.link/verify,1
비정상적인 오픈채팅방 개설로 이용이 제한되었습니다.,1
회원님의 결제 수단이 보안 문제로 거절되었습니다.,1
마이박스(MYBOX)의 사진이 외부로 공유되었습니다. 내역 확인: http://naver-box.link/share,1
계정 복구 전화번호가 '010-****-5921'로 변경되었습니다.,1
카카오톡 테마 설치 중 악성 코드가 감지되었습니다,1
고객님의 개인정보 이용 내역 통지 안내문입니다.,1
계정 보안 강화를 위한 블루 체크 인증 안내.,1
회원님의 유튜브 채널에 비정상적인 영상이 업로드되었습니다,1
Mac 기기에서 회원님의 위치를 추적 중입니다. 승인,1
선물하기 미사용 쿠폰이 보안 만료 예정입니다.,1
지식iN 활동 점수가 보안 정책 위반으로 차감되었습니다,1
실명 인증이 완료되지 않아 카페 이용이 제한됩니다.,1
Chrome 브라우저에 저장된 비밀번호가 모두 삭제되었습니다.,1
본인 확인 절차 미이행 시 톡 서랍 데이터가 삭제됩니다. http://kakao-data.link/save,1
저장 공간 부족으로 인해 메일 수발신이 중지되었습니다. http://google-drive.site/up,1
광고 정책 위반으로 인해 계정이 24시간 후 영구 삭제됩니다.,1
회원님의 계정에 대한 소유권 분쟁이 접수되었습니다.,1
회원님의 기기가 '분실 모드'로 전환되었습니다. 해제,1
블로그 게시글이 명예훼손으로 임시 게시 중단되었습니다.,1
카카오TV 채널 운영 권한이 일시 정지되었습니다.,1
지도 리뷰 조작 혐의로 계정이 검토 중입니다.,1
대량 스팸 발송 IP로 확인되어 로그인이 차단되었습니다.,1
팔로워 비정상 증대 행위로 계정이 제한되었습니다.,1
구독 중인 서비스의 보안 결제 정보가 유효하지 않습니다.,1
네이버 플러스 멤버십 혜택이 보안상 이유로 중지되었습니다.,1
멀티프로필 설정 오류로 인해 기본 프로필로 전환됩니다.,1
가족 그룹 관리자 권한이 다른 계정으로 이전되었습니다.,1
쪽지함 용량 초과로 인해 중요 보안 메일이 삭제되었습니다.,1
회원님이 태그된 게시물이 보안 정책에 의해 가려졌습니다.,1
Apple Music 가족 공유 서비스가 해지되었습니다. http://apple-music.site/renew,1
회원님의 광고 계정(AdSense)이 무효 클릭으로 정지되었습니다.,1
쇼핑라이브 방송 권한이 보안 수칙 위반으로 회수되었습니다.,1
[보안알림] 본인 인증 번호 [8817]를 아래 링크에 입력하여 완료하세요.,1
비밀번호 찾기를 위한 일회용 코드가 발급되었습니다. http://naver-otp.link/view,1
카카오 인증서 유효기간이 오늘 만료됩니다. 갱신,1
2단계 인증용 Google OTP 등록 안내입니다,1
본인 확인 정보 수정이 완료되었습니다. 내역 확인,1
비밀번호 재설정 링크가 도착했습니다. 10분 내 클릭,1
로그인을 위한 6자리 보안 코드가 발송되었습니다,1
Apple ID 복구 키가 새롭게 생성되었습니다. 보관,1
기기 변경에 따른 대화 백업 파일 복원 안내.,1
네이버 인증서로 [정부24] 로그인이 완료되었습니다.,1
본인 확인 질문: '당신이 가장 좋아하는 스포츠는?' 답변: http://google-ans.link/check,1
공공기관 통합 로그인 보안 모듈 설치 안내.,1
주소록 가져오기 기능이 활성화되었습니다. 승인,1
보안 강화를 위한 이메일 인증을 완료해 주세요.,1
카카오톡 지갑 포인트 보안 환급 안내.,1
회원님의 위치 공유 서비스가 켜졌습니다. 상대 확인,1
로그인 보호 설정(지역 설정)이 해제되었습니다,1
검색 기록 보안 삭제가 완료되었습니다. 결과,1
카카오계정 휴면 해제 본인 인증 안내. http://kakao-unlock.site/auth,1
비정상적인 스팸 문자 발송지로 등록되었습니다. 해제: http://spam-block.net/check,1
삼성전자 출신 전문가의 하반기 급등주 3선 무료 공개.,1
내일 아침 시초가 매수 시 수익률 30% 확정 종목 공유.,1
"선착순 50명, 주식 고수들의 비밀 리딩방에 초대합니다",1
아직도 손실 중이신가요? 원금 회복 프로젝트 1기 모집,1
"제2의 에코프로, 매집 완료된 황금 종목 지금 확인하세요",1
2026년 상장 예정인 비상장 주식 선취매 기회 안내.,1
"주식 초보도 월 1,000만원 버는 비결 딱 오늘만 공개.",1
"코치님, 유도장 관원들만 아는 비밀 투자 정보방입니다",1
세력 매집주 포착! 거래량 터지기 전 마지막 탑승 기회,1
반도체 섹터 대장주 교체 예정. 미리 선점하세요,1
유료 리딩방 3일 무료 체험권이 도착했습니다.,1
텐배거(10배) 나올 종목 드디어 찾았습니다. 정보 확인,1
손실 보전 이벤트! 기존 주식 손실액 100% 복구 보장,1
수석 연구원의 하반기 유망 종목 리포트 무료 배포,1
미공개 내부 정보 유출! 이번 주 급등 확정주 공개,1
주식 공부 그만하고 수익부터 챙기세요. 수익 인증 확인,1
외국인 대량 순매수 종목 포착. 따라만 사도 수익,1
주식 투자 동호회 1기 모집. 소수 정예로 운영됩니다,1
"급락장에도 수익 내는 법, 전문가가 직접 알려드립니다",1
오늘 장 마감 전 풀매수해야 할 종목 리스트 공개,1
대기업 인수합병(M&A) 소식 입수. 공시 전 매수하세요.,1
1주 만에 수익률 300% 달성 성공! 다음 타자는 누구?,1
대한민국 상위 1%만 아는 주식 매매 기법 무료 특강,1
공모주 따상 확정! 청약 일정 및 당첨 비결 안내.,1
주식 투자로 퇴사한 김대리의 비결 대공개,1
기관 투자자 전용 비밀 포트폴리오 유출본 확인,1
수익 안 나면 100% 환불! 책임 보상제 리딩방 안내.,1
자고 일어나면 돈이 복사되는 주식 자동 매매 봇,1
전량 매도 신호 포착! 보유 종목 대응 방안 확인,1
주식 고수들의 실시간 매수/매도 타점 알림 서비스,1
비트코인 1억 돌파 기념 에어드랍 이벤트. 즉시 신청,1
바이낸스 상장 확정 코인 선취매 기회! 100배 수익 보장.,1
휴면 계좌에 잠자고 있는 코인을 확인하세요,1
제2의 도지코인 찾았습니다. 일론 머스크가 언급한 그 코인!,1
선물 거래 타점 실시간 공유. 하루 수익률 500% 인증.,1
특정 코인 상장 폐지 예정. 보유 중이라면 즉시 확인,1
코인 스테이킹 이자 연 200% 보장. 무위험 자산 운용,1
가입 즉시 100달러(USDT) 지급! 현금화 가능합니다,1
리플 승소 임박! 가격 폭등 전 마지막 매수 기회,1
밈코인 소액 투자로 억만장자 되기 프로젝트 참여,1
해외 코인 전문가 리딩방 무료 입장 코드: [3921].,1
가상자산 보호법 관련 본인 인증 확인 요청입니다.,1
코인 자동 매매 봇으로 잠든 사이에도 돈을 버세요,1
메타버스 코인 무료 배포 안내. 선착순 100명 마감.,1
선물 롱/숏 정확한 지점 짚어드립니다. 수익률 확인,1
비상장 코인 무료 나눔. 상장 시 1000% 급등 예고,1
솔라나 생태계 신규 코인 발행 안내. 사전 구매,1
"원화 채굴 이벤트 당첨! 50,000 포인트 지급 완료",1
코인 투자 손실 복구 전문 상담팀입니다. 성공률 98%,1
파이코인 상장 임박! 보유 수량 확인 및 현금화 신청,1
테더(USDT) 증정금 이벤트. 지금 바로 지갑 연결하세요,1
비트코인 반감기 대비 급등 예상 코인 리스트 공유,1
특정 거래소 지갑 이동 포착! 다음 폭등주는?,1
코인 리딩방 무료 체험하고 벤츠 타자! 수익 인증샷.,1
암호화폐 소득세 유예 관련 정보 및 절세 비법 안내.,1
NFT 작품 무료 민팅 기회! 선착순 한정 수량 제공.,1
웹3.0 기반 차세대 코인 프로젝트 투자자 모집.,1
비트겟(Bitget) 수수료 50% 할인 및 증정금 혜택.,1
소액으로 시작하는 코인 재테크. 하루 10분 투자.,1
디지털 자산 수탁 서비스 오픈 기념 포인트 증정.,1
전국민 재테크 장려금 지원 대상자 안내 통지서.,1
꼬마 빌딩 주인이 되는 가장 빠른 길 안내해 드립니다.,1
강남 재건축 조합원 지위 승계 급매물 정보 유출,1
소액으로 시작하는 아트 테크(Art-Tech). 연 15% 수익 보장,1
금보다 나은 은 투자! 은값 폭등 전 선점하는 법.,1
지방 신축 아파트 무순위 '줍줍' 정보 실시간 공유.,1
"부자들의 자산 관리 노하우, 딱 1시간만 공개합니다.",1
소액 땅 투자로 대박 나기! 개발 예정지 정보 입수.,1
정부 지원 청년 도약 재테크 챌린지 1기 회원 모집,1
연금 저축으로 세액 공제와 수익을 동시에 잡으세요.,1
지식산업센터 소액 투자로 월세 수익 200만원 만들기.,1
매달 꼬박꼬박 배당금 받는 미국 배당주 투자 전략.,1
휴면 예금 및 보험금 찾기 서비스. 평균 15만원 지급!,1
명품 시계 '리셀'로 한 달에 500만원 버는 법 안내.,1
신재생 에너지 투자 프로젝트. 정부 지원 사업 참여.,1
부동산 '리치 언니'의 실전 경매 노하우 무료 특강.,1
2026년 하반기 달라지는 절세 혜택 총정리 가이드,1
디지털 금 거래 플랫폼 오픈 기념 1돈 무료 이벤트.,1
해외 채권 투자로 달러 환차익과 이자를 동시에!,1
오늘 가입 시 재테크 성공 전자책 3권 무료 증정,1
"코치님, 가입하신 투자 사이트의 개인정보가 유출되었습니다.",1
투자 원금 회수를 위한 법적 대응 절차 안내 통지서.,1
"3,000만원으로 30억 만든 시장의 비기 공개합니다",1
금융감독원 사칭 피싱 방지를 위한 보안 앱 설치 안내,1
"딱 10명만 더 받습니다. 월 수익 2,000% 리딩방 마감 임박",1
정치 테마주 인맥 관련 긴급 리포트 확인 바랍니다,1
돈 냄새 맡는 법 알려드립니다. 돈의 흐름을 읽으세요.,1
"2026년 부자되는 법, 이 문자를 받은 분들만 가능합니다.",1
당신의 노후를 책임질 연금형 수익 모델 무료 배포.,1
특정 종목 거래 정지 예고! 보유 중이면 즉시 확인.,1
로또보다 당첨 확률 높은 급등주 추천 서비스 안내,1
투자 전문가 1:1 무료 상담권이 만료될 예정입니다.,1
부업으로 시작해서 본업보다 더 많이 버는 재테크 비결.,1
금리 인하 수혜주 리스트. 이번 주가 마지막 기회입니다.,1
흙수저 탈출 프로젝트! 소액으로 인생 역전 시나리오.,1
자산 관리 시스템 보안 업데이트가 필요합니다,1
상위 0.1% 부자들만 읽는 주식 신문 구독권 증정.,1
보이스피싱 피해 복구금 신청 기간 안내 통지.,1
투자 성공을 위한 최적의 포트폴리오 지금 구성하세요,1
"코치님, 이번 달 훈련비 대신 주식으로 대박나세요!",1
